username,email,birth_date,registration_date,address,user_id
Alice Smith,alice.smith01@example.com,1990-01-01,2022-01-01 14:05:00,"123 Apple St, Wonderland",1
Bob Hock,bob.hock02@example.com,1985-05-05,2022-02-01 12:30:00,"456 Orange Ave, Dreamland",2
Charlie Brown,charlie.brown03@example.com,2000-12-12,2022-03-01 09:15:00,"789 Banana Blvd, Neverland",3
Diane Wilson,diane.wilson04@example.com,1987-03-23,2022-04-15 11:23:00,"22 Peach Pl, Fruityville",4
Eric Stone,eric.stone05@example.com,1982-11-18,2022-03-21 13:37:00,"48 Grape Ln, Berryville",5
Fiona White,fiona.white06@example.com,1991-04-25,2022-02-18 15:45:00,"36 Mango Ave, TropicTown",6
Gary Black,gary.black07@example.com,1989-08-19,2022-05-22 16:10:00,"92 Lemon St, CitrusCity",7
Heather Ray,heather.ray08@example.com,1988-03-03,2022-03-04 10:15:00,"101 Blueberry St, Fruitopolis",8
Ian Garcia,ian.garcia09@example.com,1984-04-15,2022-04-02 11:00:00,"789 Grapefruit Blvd, CitrusTown",9
Jasmine Turner,jasmine.turner10@example.com,1996-06-24,2022-01-14 12:30:00,"234 Pineapple Pl, TropicalVille",10
Natalie Porter,natalie.porter83@example.com,1989-07-15,2022-05-11 16:20:00,"432 Berry Blvd, BerryTown",11
Oscar Lewis,oscar.lewis84@example.com,1998-09-03,2022-03-03 09:15:00,"567 Passionfruit St, FruitVille",12
Peter Sanchez,peter.sanchez85@example.com,1983-01-18,2022-02-02 15:45:00,"678 Dragonfruit Ln, DragonLand",13
Quincy Adams,quincy.adams86@example.com,1985-10-11,2022-09-08 14:10:00,"789 Lychee Rd, LycheeTown",14
Rebecca Martinez,rebecca.martinez87@example.com,1982-03-05,2022-07-03 12:05:00,"890 Fig St, FigVille",15
Stanley Jones,stanley.jones88@example.com,1981-05-25,2022-08-04 10:30:00,"123 Kumquat Ave, CitrusCity",16
Teresa Flores,teresa.flores89@example.com,1979-02-09,2022-01-08 13:00:00,"234 Rambutan Blvd, TropicalLand",17
Ulysses Perez,ulysses.perez90@example.com,1985-07-10,2022-06-05 14:15:00,"345 Gooseberry Ln, BerryPlace",18
Valerie Simmons,valerie.simmons91@example.com,1986-03-22,2022-03-08 11:40:00,"456 Pomegranate Rd, FruitVille",19
Walter Torres,walter.torres92@example.com,1993-12-05,2022-04-06 16:30:00,"567 Guava St, TropicCity",20
Victor Lane,victor.lane93@example.com,1984-06-06,2022-07-01 10:10:00,"456 Raspberry Rd, GrapeLand",21
Wendy Grant,wendy.grant94@example.com,1997-08-15,2022-08-01 11:20:00,"321 Kiwi St, MelonVille",22
Xavier Holt,xavier.holt95@example.com,1983-10-20,2022-09-01 12:25:00,"654 Coconut Ln, BerryTown",23
Yasmine Gray,yasmine.gray96@example.com,1995-02-28,2022-04-01 13:50:00,"102 Lime St, CitrusCity",24
Zachary Green,zachary.green97@example.com,1992-07-17,2022-06-01 09:15:00,"500 Cherry Ave, BerryPlace",25
Zoe Johnson,zoe.johnson98@example.com,1995-02-20,2022-07-01 10:10:00,"456 Grape Rd, GrapeLand",26
Andy Miller,andy.miller99@example.com,1989-08-15,2022-08-01 11:20:00,"321 Watermelon St, MelonVille",27
Steve Rogers,steve.rogers100@example.com,1980-03-03,2022-09-01 12:25:00,"654 Strawberry Ln, BerryTown",28
Karen Allen,karen.allen11@example.com,1992-02-22,2022-01-15 14:20:00,"456 Pear St, Fruitville",29
Larry Baker,larry.baker12@example.com,1993-04-04,2022-02-17 13:30:00,"123 Plum Rd, Plumville",30
Monica Clark,monica.clark13@example.com,1988-06-06,2022-03-25 12:00:00,"789 Berry Blvd, BerryCity",31
Nick Davis,nick.davis14@example.com,1994-08-08,2022-04-11 15:55:00,"234 Kiwi St, KiwiTown",32
Olive Evans,olive.evans15@example.com,1986-10-10,2022-03-22 16:45:00,"567 Cherry Rd, Cherryville",33
Paula Foster,paula.foster16@example.com,1990-12-12,2022-05-10 17:35:00,"891 Orange Blvd, OrangeCity",34
Quinn Gray,quinn.gray17@example.com,1989-02-14,2022-02-20 18:15:00,"234 Pineapple Ln, PineapplePlace",35
Rachel Hill,rachel.hill18@example.com,1995-04-16,2022-03-19 19:05:00,"567 Mango Rd, MangoMeadows",36
Samuel Irving,samuel.irving19@example.com,1992-06-18,2022-01-28 09:10:00,"890 Lemon St, LemonLand",37
Tina Jackson,tina.jackson20@example.com,1993-08-20,2022-04-17 10:20:00,"123 Passionfruit Blvd, PassionCity",38
Anna King,anna.king101@example.com,1990-03-21,2022-03-11 14:30:00,"456 Grape St, GrapeGrove",39
Brian Lee,brian.lee102@example.com,1986-05-23,2022-05-01 15:40:00,"789 Watermelon Blvd, MelonMeadows",40
Christina Martinez,christina.martinez103@example.com,1992-07-25,2022-04-10 16:50:00,"123 Pineapple Rd, PineapplePark",41
Doug Nelson,doug.nelson104@example.com,1988-09-27,2022-02-27 17:30:00,"456 Banana St, BananaBay",42
Ella Ortiz,ella.ortiz105@example.com,1993-11-29,2022-01-22 18:10:00,"789 Cherry Ln, CherryChase",43
Frank Peterson,frank.peterson106@example.com,1987-01-31,2022-03-15 19:00:00,"123 Mango Rd, MangoMound",44
Grace Quinn,grace.quinn107@example.com,1994-04-02,2022-05-05 09:45:00,"456 Lemon Blvd, LemonLands",45
Harry Robinson,harry.robinson108@example.com,1990-06-04,2022-04-20 10:30:00,"789 Orange St, OrangeOasis",46
Isabella Simmons,isabella.simmons109@example.com,1991-08-06,2022-03-03 11:15:00,"123 Grapefruit Blvd, FruitfulFalls",47
Jack Turner,jack.turner110@example.com,1989-10-08,2022-02-12 12:05:00,"456 Pear Rd, PearPrairie",48
Kimberly Underwood,kimberly.underwood111@example.com,1993-12-10,2022-06-21 13:15:00,"789 Plum St, PlumParadise",49
Liam Vance,liam.vance112@example.com,1991-02-12,2022-01-29 14:25:00,"123 Raspberry Blvd, BerryBorough",50
Megan Walters,megan.walters113@example.com,1989-04-14,2022-05-10 15:30:00,"456 Strawberry Rd, StrawberryFields",51
Noah Xavier,noah.xavier114@example.com,1992-06-16,2022-03-20 16:10:00,"789 Kiwi St, KiwiKingdom",52
Olivia Young,olivia.young115@example.com,1988-08-18,2022-02-18 17:20:00,"123 Lime Blvd, CitrusCorner",53
Peter Zimmerman,peter.zimmerman116@example.com,1990-10-20,2022-04-12 18:30:00,"456 Apple Ln, AppleAcres",54
Quincy Ash,quincy.ash117@example.com,1993-12-22,2022-05-03 19:40:00,"789 Orange Rd, OrangeOrchard",55
Rita Birch,rita.birch118@example.com,1991-02-24,2022-01-24 10:50:00,"123 Mango St, MangoManor",56
Samuel Cedar,samuel.cedar119@example.com,1989-04-26,2022-03-14 11:35:00,"456 Lemonade Blvd, LemonLounge",57
Tara Drake,tara.drake120@example.com,1992-06-28,2022-05-04 12:45:00,"789 Pineapple Ln, PineapplePalace",58
Una Ivory,una.ivory190@example.com,1993-03-03,2022-01-06 14:15:00,"123 Grape St, GrapeGrove",59
Victor Jade,victor.jade191@example.com,1991-05-05,2022-05-16 15:20:00,"456 Kiwi Blvd, KiwiKeep",60
Winona Kite,winona.kite192@example.com,1989-07-07,2022-02-26 16:10:00,"789 Lime Ln, LimeLedge",61
Xander Lapis,xander.lapis193@example.com,1992-09-09,2022-03-07 17:05:00,"123 Melon Rd, MelonMound",62
Yara Moon,yara.moon194@example.com,1993-11-11,2022-04-28 18:00:00,"456 Nectarine Blvd, NectarNook",63
Zane Opal,zane.opal195@example.com,1991-01-13,2022-01-13 19:15:00,"789 Orange St, OrangeOasis",64
Aria Pearl,aria.pearl196@example.com,1989-03-15,2022-05-09 10:25:00,"123 Peach Rd, PeachPort",65
Bruce Quartz,bruce.quartz197@example.com,1992-05-17,2022-03-19 11:35:00,"456 Raspberry Ln, RaspberryRidge",66
Cara Ruby,cara.ruby198@example.com,1990-07-19,2022-02-19 12:40:00,"789 Strawberry Blvd, StrawberryStation",67
Daniel Sapphire,daniel.sapphire199@example.com,1988-09-21,2022-04-10 13:30:00,"123 Tangerine St, TangerineTerrace",68
Eliza Topaz,eliza.topaz200@example.com,1993-11-23,2022-01-11 14:45:00,"456 UgliFruit Ln, UgliUniverse",69
Frank Velvet,frank.velvet201@example.com,1992-01-24,2022-02-10 15:50:00,"789 Vanilla Rd, VanillaVillage",70
Grace White,grace.white202@example.com,1989-03-26,2022-04-15 16:55:00,"123 Walnut St, WalnutWoods",71
Howard Xylem,howard.xylem203@example.com,1991-05-28,2022-01-05 17:45:00,"456 Yam Blvd, YamYard",72
Irene Yellow,irene.yellow204@example.com,1993-07-30,2022-03-06 18:35:00,"789 Zucchini Ln, ZucchiniZone",73
Jack Azure,jack.azure205@example.com,1988-09-01,2022-02-04 19:25:00,"123 Apricot Rd, ApricotAcres",74
Kate Blue,kate.blue206@example.com,1992-11-03,2022-05-03 10:10:00,"456 Berry Blvd, BerryBarn",75
Liam Coral,liam.coral207@example.com,1990-01-05,2022-04-02 11:20:00,"789 Date St, DateDesert",76
Mary Diamond,mary.diamond208@example.com,1993-03-07,2022-01-30 12:15:00,"123 Elderberry Rd, ElderEstate",77
Noah Emerald,noah.emerald209@example.com,1989-05-09,2022-03-29 13:10:00,"456 Fig Ln, FigFarm",78
Oliver Fawn,oliver.fawn210@example.com,1991-07-11,2022-02-28 14:05:00,"789 Grape Blvd, GrapeGarden",79
Una Orchid,una.orchid290@example.com,1992-12-23,2022-01-07 15:15:00,"123 Plum Rd, PlumPark",80
Victor Pink,victor.pink291@example.com,1990-02-25,2022-05-17 16:20:00,"456 Quince St, QuinceQuarter",81
Winona Quartz,winona.quartz292@example.com,1988-04-27,2022-03-18 17:10:00,"789 Rambutan Blvd, RambutanRanch",82
Xander Red,xander.red293@example.com,1991-06-29,2022-04-12 18:00:00,"123 Starfruit Ln, StarfruitStation",83
Yara Silver,yara.silver294@example.com,1989-08-31,2022-02-14 18:50:00,"456 Tamarind Rd, TamarindTerritory",84
Zane Teal,zane.teal295@example.com,1993-11-02,2022-03-13 19:30:00,"789 Uva St, UvaUniverse",85
Aria Violet,aria.violet296@example.com,1991-01-04,2022-05-10 10:40:00,"123 Watermelon Blvd, WatermelonWorld",86
Bruce Wisteria,bruce.wisteria297@example.com,1989-03-06,2022-04-05 11:30:00,"456 Xigua Ln, XiguaXanadu",87
Cara Yellow,cara.yellow298@example.com,1992-05-08,2022-02-03 12:20:00,"789 Yuzu Rd, YuzuYard",88
Daniel Zircon,daniel.zircon299@example.com,1988-07-10,2022-03-03 13:10:00,"123 Avocado St, AvocadoAvenue",89
Eliza Amethyst,eliza.amethyst300@example.com,1993-09-12,2022-01-02 14:00:00,"456 Banana Blvd, BananaBorough",90
Faith Bronzite,faith.bronzite301@example.com,1991-10-14,2022-05-14 15:20:00,"789 Currant Rd, CurrantCourt",91
Gregory Calcite,gregory.calcite302@example.com,1993-12-16,2022-03-05 16:15:00,"123 Date Blvd, DateDrive",92
Helena Dolomite,helena.dolomite303@example.com,1992-02-18,2022-04-01 17:05:00,"456 Elderberry St, ElderEstate",93
Ivan Feldspar,ivan.feldspar304@example.com,1989-04-20,2022-02-20 18:10:00,"789 Fig Ln, FigFort",94
Julia Garnet,julia.garnet305@example.com,1990-06-22,2022-01-22 19:00:00,"123 Grapefruit Blvd, GrapefruitGrove",95
Kenneth Hematite,kenneth.hematite306@example.com,1993-08-24,2022-05-04 10:10:00,"456 Honeydew Rd, HoneydewHill",96
Lucy Iolite,lucy.iolite307@example.com,1988-10-26,2022-03-24 11:05:00,"789 Jackfruit St, JackfruitJunction",97
Martin Jadeite,martin.jadeite308@example.com,1991-12-28,2022-04-15 12:05:00,"123 Kiwifruit Ln, KiwiKingdom",98
Nancy Kyanite,nancy.kyanite309@example.com,1990-03-02,2022-02-12 13:15:00,"456 Lime Blvd, LimeLand",99
Orville Labradorite,orville.labradorite310@example.com,1993-05-04,2022-01-10 14:20:00,"789 Lychee Rd, LycheeLedge",100
Una Obsidian,una.obsidian390@example.com,1992-04-05,2022-03-07 15:10:00,"123 Mango Blvd, MangoManor",101
Victor Peridot,victor.peridot391@example.com,1990-06-07,2022-05-16 16:15:00,"456 Nectarine St, NectarineNook",102
Winona Quartzite,winona.quartzite392@example.com,1988-08-09,2022-02-26 17:10:00,"789 Olive Rd, OliveOasis",103
Xander Rhodonite,xander.rhodonite393@example.com,1991-10-11,2022-04-12 18:00:00,"123 Papaya Ln, PapayaPark",104
Yara Sunstone,yara.sunstone394@example.com,1989-12-13,2022-01-14 18:50:00,"456 Quince Blvd, QuinceQuarter",105
Zane Tanzanite,zane.tanzanite395@example.com,1993-02-15,2022-03-13 19:30:00,"789 Rambutan St, RambutanRanch",106
Aria Unakite,aria.unakite396@example.com,1991-04-17,2022-05-10 10:40:00,"123 Soursop Rd, SoursopSanctuary",107
Bruce Vesuvianite,bruce.vesuvianite397@example.com,1989-06-19,2022-04-05 11:30:00,"456 Tamarillo Blvd, TamarilloTerritory",108
Cara Wulfenite,cara.wulfenite398@example.com,1992-08-21,2022-02-03 12:20:00,"789 UgliFruit Ln, UgliUrban",109
Daniel Xanthe,daniel.xanthe399@example.com,1988-10-23,2022-03-03 13:10:00,"123 Yumberry St, YumberryYard",110
Eliza Zoisite,eliza.zoisite400@example.com,1993-12-25,2022-01-02 14:00:00,"456 Avocado Rd, AvocadoAlley",111
